id,results_title,results_first_aired,results_imdb_id,results_tvdb,results_themoviedb,results_artwork_208x117,results_artwork_304x171,results_artwork_448x252,results_artwork_608x342,bingeRank,createdAt,updatedAt
1,"Money Heist","2017-05-02 00:00:00",tt6468322,327417,71446,http://static-api.guidebox.com/100117/thumbnails_small/46746-6880046143-208x117.jpg,http://static-api.guidebox.com/100117/thumbnails_medium/46746-1168151978-304x171.jpg,http://static-api.guidebox.com/100117/thumbnails_large/46746-4939356758-448x252.jpg,http://static-api.guidebox.com/100117/thumbnails_xlarge/46746-5881144288-608x342.jpg,NULL,NULL,NULL
2,Ozark,"2017-07-21 00:00:00",tt5071412,329089,69740,http://static-api.guidebox.com/091716/thumbnails_small/44356-5173691581-208x117-show-thumbnail.jpg,http://static-api.guidebox.com/091716/thumbnails_medium/44356-2974686995-304x171-show-thumbnail.jpg,http://static-api.guidebox.com/091716/thumbnails_large/44356-132369278-448x252-show-thumbnail.jpg,http://static-api.guidebox.com/091716/thumbnails_xlarge/44356-3609818295-608x342-show-thumbnail.jpg,NULL,NULL,NULL
3,Westworld,"2016-10-02 00:00:00",tt0475784,296762,63247,http://static-api.guidebox.com/091716/thumbnails_small/38948-4959284808-208x117.jpg,http://static-api.guidebox.com/091716/thumbnails_medium/38948-5728639164-304x171.jpg,http://static-api.guidebox.com/091716/thumbnails_large/38948-1003983417-448x252.jpg,http://static-api.guidebox.com/091716/thumbnails_xlarge/38948-7817636546-608x342.jpg,NULL,NULL,NULL
4,Community,"2009-09-17 00:00:00",tt1439629,94571,18347,http://static-api.guidebox.com/thumbnails_small/207-7147074262-208x117.jpg,http://static-api.guidebox.com/thumbnails_medium/207-4731318769-304x171.jpg,http://static-api.guidebox.com/thumbnails_large/207-4609058839-448x252.jpg,http://static-api.guidebox.com/thumbnails_xlarge/207-2327306979-608x342.jpg,NULL,NULL,NULL
5,"Better Call Saul","2015-02-08 00:00:00",tt3032476,273181,60059,http://static-api.guidebox.com/120214/thumbnails_small/22655-1016230574-208x117-show-thumbnail.jpg,http://static-api.guidebox.com/120214/thumbnails_medium/22655-1183881932-304x171-show-thumbnail.jpg,http://static-api.guidebox.com/120214/thumbnails_large/22655-9073080597-448x252-show-thumbnail.jpg,http://static-api.guidebox.com/120214/thumbnails_xlarge/22655-7056442871-608x342-show-thumbnail.jpg,NULL,NULL,NULL
6,"The Walking Dead","2010-10-31 00:00:00",tt1520211,153021,1402,http://static-api.guidebox.com/091414/thumbnails_small/703-3422100935-208x117-show-thumbnail.jpg,http://static-api.guidebox.com/091414/thumbnails_medium/703-3368183603-304x171-show-thumbnail.jpg,http://static-api.guidebox.com/091414/thumbnails_large/703-4248968759-448x252-show-thumbnail.jpg,http://static-api.guidebox.com/091414/thumbnails_xlarge/703-7681273194-608x342-show-thumbnail.jpg,NULL,NULL,NULL
7,"Game of Thrones","2011-04-17 00:00:00",tt0944947,121361,1399,http://static-api.guidebox.com/060515/thumbnails_small/6959-7755267811-208x117.jpg,http://static-api.guidebox.com/060515/thumbnails_medium/6959-8255587010-304x171.jpg,http://static-api.guidebox.com/060515/thumbnails_large/6959-7500693383-448x252.jpg,http://static-api.guidebox.com/060515/thumbnails_xlarge/6959-423900909-608x342.jpg,NULL,NULL,NULL
8,"Breaking Bad","2008-01-20 00:00:00",tt0903747,81189,1396,http://static-api.guidebox.com/091414/thumbnails_small/8523-2963484465-208x117-show-thumbnail.jpg,http://static-api.guidebox.com/091414/thumbnails_medium/8523-1669006613-304x171-show-thumbnail.jpg,http://static-api.guidebox.com/091414/thumbnails_large/8523-2515840503-448x252-show-thumbnail.jpg,http://static-api.guidebox.com/091414/thumbnails_xlarge/8523-4005061374-608x342-show-thumbnail.jpg,NULL,NULL,NULL
9,Homeland,"2011-10-02 00:00:00",tt1796960,247897,1407,http://static-api.guidebox.com/091414/thumbnails_small/2625-6650184672-208x117-show-thumbnail.jpg,http://static-api.guidebox.com/091414/thumbnails_medium/2625-8041045526-304x171-show-thumbnail.jpg,http://static-api.guidebox.com/091414/thumbnails_large/2625-4471222516-448x252-show-thumbnail.jpg,http://static-api.guidebox.com/091414/thumbnails_xlarge/2625-5774650769-608x342-show-thumbnail.jpg,NULL,NULL,NULL
10,"Killing Eve","2018-04-08 00:00:00",tt7016936,340959,72750,http://static-api.guidebox.com/100117/thumbnails_small/48100-2111485722-208x117.jpg,http://static-api.guidebox.com/100117/thumbnails_medium/48100-8042616886-304x171.jpg,http://static-api.guidebox.com/100117/thumbnails_large/48100-2575502377-448x252.jpg,http://static-api.guidebox.com/100117/thumbnails_xlarge/48100-4906501928-608x342.jpg,NULL,NULL,NULL
11,"Grey's Anatomy","2005-03-27 00:00:00",tt0413573,73762,1416,http://static-api.guidebox.com/060515/thumbnails_small/159-7053659996-208x117-show-thumbnail.jpg,http://static-api.guidebox.com/060515/thumbnails_medium/159-4406540240-304x171-show-thumbnail.jpg,http://static-api.guidebox.com/060515/thumbnails_large/159-5811973219-448x252-show-thumbnail.jpg,http://static-api.guidebox.com/060515/thumbnails_xlarge/159-6648975853-608x342-show-thumbnail.jpg,NULL,NULL,NULL
12,"The Office","2005-03-24 00:00:00",tt0386676,73244,2316,http://static-api.guidebox.com/thumbnails_small/205-5041042548-208x117.jpg,http://static-api.guidebox.com/thumbnails_medium/205-794024850-304x171.jpg,http://static-api.guidebox.com/thumbnails_large/205-8452868517-448x252.jpg,http://static-api.guidebox.com/thumbnails_xlarge/205-657829540-608x342.jpg,NULL,NULL,NULL
13,"Peaky Blinders","2013-09-12 00:00:00",tt2442560,270915,60574,http://static-api.guidebox.com/091414/thumbnails_small/21769-1195113524-208x117-show-thumbnail.jpg,http://static-api.guidebox.com/091414/thumbnails_medium/21769-1152008316-304x171-show-thumbnail.jpg,http://static-api.guidebox.com/091414/thumbnails_large/21769-6679339749-448x252-show-thumbnail.jpg,http://static-api.guidebox.com/091414/thumbnails_xlarge/21769-2176648253-608x342-show-thumbnail.jpg,NULL,NULL,NULL
14,"Outer Banks","2020-04-15 00:00:00",tt10293938,379169,0,http://static-api.guidebox.com/100117/thumbnails_small/61176-4086795775-208x117.jpg,http://static-api.guidebox.com/100117/thumbnails_medium/61176-3067339333-304x171.jpg,http://static-api.guidebox.com/100117/thumbnails_large/61176-678711110-448x252.jpg,http://static-api.guidebox.com/100117/thumbnails_xlarge/61176-4998031482-608x342.jpg,NULL,NULL,NULL
15,Outlander,"2014-08-09 00:00:00",tt3006802,270408,56570,http://static-api.guidebox.com/091414/thumbnails_small/19447-4208391151-208x117-show-thumbnail.jpg,http://static-api.guidebox.com/091414/thumbnails_medium/19447-7960235886-304x171-show-thumbnail.jpg,http://static-api.guidebox.com/091414/thumbnails_large/19447-1904469529-448x252-show-thumbnail.jpg,http://static-api.guidebox.com/091414/thumbnails_xlarge/19447-458304040-608x342-show-thumbnail.jpg,NULL,NULL,NULL
16,Vikings,"2013-03-03 00:00:00",tt2306299,260449,44217,http://static-api.guidebox.com/120214/thumbnails_small/14554-3064087210-208x117-show-thumbnail.jpg,http://static-api.guidebox.com/120214/thumbnails_medium/14554-6577064837-304x171-show-thumbnail.jpg,http://static-api.guidebox.com/120214/thumbnails_large/14554-6113301255-448x252-show-thumbnail.jpg,http://static-api.guidebox.com/120214/thumbnails_xlarge/14554-1164331185-608x342-show-thumbnail.jpg,NULL,NULL,NULL
17,"The Mandalorian","2019-11-12 00:00:00",tt8111088,361753,82856,http://static-api.guidebox.com/100117/thumbnails_small/58014-9476827811-208x117.jpg,http://static-api.guidebox.com/100117/thumbnails_medium/58014-7450016108-304x171.jpg,http://static-api.guidebox.com/100117/thumbnails_large/58014-1012562-448x252.jpg,http://static-api.guidebox.com/100117/thumbnails_xlarge/58014-1741379635-608x342.jpg,NULL,NULL,NULL
18,"Schitt's Creek","2015-01-13 00:00:00",tt3526078,287247,61662,http://static-api.guidebox.com/060515/thumbnails_small/25121-9886255864-208x117-show-thumbnail.jpg,http://static-api.guidebox.com/060515/thumbnails_medium/25121-157839093-304x171-show-thumbnail.jpg,http://static-api.guidebox.com/060515/thumbnails_large/25121-3628174057-448x252-show-thumbnail.jpg,http://static-api.guidebox.com/060515/thumbnails_xlarge/25121-8007665397-608x342-show-thumbnail.jpg,NULL,NULL,NULL
19,"Brooklyn Nine-Nine","2013-09-17 00:00:00",tt2467372,269586,48891,http://static-api.guidebox.com/091414/thumbnails_small/15915-794740916-208x117-show-thumbnail.jpg,http://static-api.guidebox.com/091414/thumbnails_medium/15915-8638546271-304x171-show-thumbnail.jpg,http://static-api.guidebox.com/091414/thumbnails_large/15915-9793838439-448x252-show-thumbnail.jpg,http://static-api.guidebox.com/091414/thumbnails_xlarge/15915-4345891029-608x342-show-thumbnail.jpg,NULL,NULL,NULL
20,"The Blacklist","2013-09-23 00:00:00",tt2741602,266189,46952,http://static-api.guidebox.com/thumbnails_small/15801-4558103019-208x117.jpg,http://static-api.guidebox.com/thumbnails_medium/15801-51472541-304x171.jpg,http://static-api.guidebox.com/thumbnails_large/15801-3543147021-448x252.jpg,http://static-api.guidebox.com/thumbnails_xlarge/15801-2756475806-608x342.jpg,NULL,NULL,NULL
21,Supernatural,"2005-09-13 00:00:00",tt0460681,78901,1622,http://static-api.guidebox.com/060515/thumbnails_small/134-9455498186-208x117-show-thumbnail.jpg,http://static-api.guidebox.com/060515/thumbnails_medium/134-3621342373-304x171-show-thumbnail.jpg,http://static-api.guidebox.com/060515/thumbnails_large/134-9313713549-448x252-show-thumbnail.jpg,http://static-api.guidebox.com/060515/thumbnails_xlarge/134-8590047601-608x342-show-thumbnail.jpg,NULL,NULL,NULL
22,"Stranger Things","2016-07-15 00:00:00",tt4574334,305288,66732,http://static-api.guidebox.com/111615/thumbnails_small/37760-1674682359-208x117-show-thumbnail.jpg,http://static-api.guidebox.com/111615/thumbnails_medium/37760-5441134823-304x171-show-thumbnail.jpg,http://static-api.guidebox.com/111615/thumbnails_large/37760-8750890046-448x252-show-thumbnail.jpg,http://static-api.guidebox.com/111615/thumbnails_xlarge/37760-6112872101-608x342-show-thumbnail.jpg,NULL,NULL,NULL
23,Friends,"1994-09-22 00:00:00",tt0108778,79168,1668,http://static-api.guidebox.com/thumbnails_small/1737-3749269745-208x117.jpg,http://static-api.guidebox.com/thumbnails_medium/1737-448432537-304x171.jpg,http://static-api.guidebox.com/thumbnails_large/1737-8061207928-448x252.jpg,http://static-api.guidebox.com/thumbnails_xlarge/1737-2397346851-608x342.jpg,NULL,NULL,NULL
24,"Star Wars: The Clone Wars","2008-10-03 00:00:00",tt0458290,83268,4194,http://static-api.guidebox.com/091414/thumbnails_small/9266-3900497183-208x117-show-thumbnail.jpg,http://static-api.guidebox.com/091414/thumbnails_medium/9266-1884860457-304x171-show-thumbnail.jpg,http://static-api.guidebox.com/091414/thumbnails_large/9266-2026992380-448x252-show-thumbnail.jpg,http://static-api.guidebox.com/091414/thumbnails_xlarge/9266-4284078446-608x342-show-thumbnail.jpg,NULL,NULL,NULL
25,Run,"2020-04-13 00:00:00",tt8045468,353882,0,http://static-api.guidebox.com/100117/thumbnails_small/60421-1887914362-208x117.jpg,http://static-api.guidebox.com/100117/thumbnails_medium/60421-2958746753-304x171.jpg,http://static-api.guidebox.com/100117/thumbnails_large/60421-9468294708-448x252.jpg,http://static-api.guidebox.com/100117/thumbnails_xlarge/60421-7709540622-608x342.jpg,NULL,NULL,NULL
26,Lucifer,"2015-05-11 00:00:00",tt4052886,295685,63174,http://static-api.guidebox.com/111615/thumbnails_small/29153-4417948038-208x117-show-thumbnail.jpg,http://static-api.guidebox.com/111615/thumbnails_medium/29153-8830865477-304x171-show-thumbnail.jpg,http://static-api.guidebox.com/111615/thumbnails_large/29153-6952385939-448x252-show-thumbnail.jpg,http://static-api.guidebox.com/111615/thumbnails_xlarge/29153-7112944838-608x342-show-thumbnail.jpg,NULL,NULL,NULL
27,"Criminal Minds","2005-09-22 00:00:00",tt0452046,75710,4057,http://static-api.guidebox.com/thumbnails_small/954-433686069-208x117.jpg,http://static-api.guidebox.com/thumbnails_medium/954-2798844739-304x171.jpg,http://static-api.guidebox.com/thumbnails_large/954-2075714795-448x252.jpg,http://static-api.guidebox.com/thumbnails_xlarge/954-9512778604-608x342.jpg,NULL,NULL,NULL
28,"Black Mirror","2011-12-04 00:00:00",tt2085059,253463,42009,http://static-api.guidebox.com/060515/thumbnails_small/25662-3944110372-208x117.jpg,http://static-api.guidebox.com/060515/thumbnails_medium/25662-1403832534-304x171.jpg,http://static-api.guidebox.com/060515/thumbnails_large/25662-1440050262-448x252.jpg,http://static-api.guidebox.com/060515/thumbnails_xlarge/25662-2100634184-608x342.jpg,NULL,NULL,NULL
29,"The Wire","2002-06-02 00:00:00",tt0306414,79126,1438,http://static-api.guidebox.com/thumbnails_small/7135-9287152509-208x117.jpg,http://static-api.guidebox.com/thumbnails_medium/7135-7920276271-304x171.jpg,http://static-api.guidebox.com/thumbnails_large/7135-5214426494-448x252.jpg,http://static-api.guidebox.com/thumbnails_xlarge/7135-9837593720-608x342.jpg,NULL,NULL,NULL
30,Dark,"2017-12-01 00:00:00",tt5753856,334824,70523,http://static-api.guidebox.com/100117/thumbnails_small/46324-6017031269-208x117.jpg,http://static-api.guidebox.com/100117/thumbnails_medium/46324-4938863260-304x171.jpg,http://static-api.guidebox.com/100117/thumbnails_large/46324-9218766084-448x252.jpg,http://static-api.guidebox.com/100117/thumbnails_xlarge/46324-6231676745-608x342.jpg,NULL,NULL,NULL
31,Bosch,"2015-02-13 00:00:00",tt3502248,277928,60585,http://static-api.guidebox.com/022615/thumbnails_small/19367-6216263687-208x117-show-thumbnail.jpg,http://static-api.guidebox.com/022615/thumbnails_medium/19367-8667029398-304x171-show-thumbnail.jpg,http://static-api.guidebox.com/022615/thumbnails_large/19367-7142098904-448x252-show-thumbnail.jpg,http://static-api.guidebox.com/022615/thumbnails_xlarge/19367-862685997-608x342-show-thumbnail.jpg,NULL,NULL,NULL
32,"The Sopranos","1999-01-10 00:00:00",tt0141842,75299,1398,http://static-api.guidebox.com/thumbnails_small/6969-3911711364-208x117.jpg,http://static-api.guidebox.com/thumbnails_medium/6969-5320722591-304x171.jpg,http://static-api.guidebox.com/thumbnails_large/6969-8300557150-448x252.jpg,http://static-api.guidebox.com/thumbnails_xlarge/6969-7340823789-608x342.jpg,NULL,NULL,NULL
33,"Prison Break","2005-08-29 00:00:00",tt0455275,75340,2288,http://static-api.guidebox.com/thumbnails_small/369-7367410473-208x117.jpg,http://static-api.guidebox.com/thumbnails_medium/369-9512770478-304x171.jpg,http://static-api.guidebox.com/thumbnails_large/369-8176394603-448x252.jpg,http://static-api.guidebox.com/thumbnails_xlarge/369-751368963-608x342.jpg,NULL,NULL,NULL
34,"What We Do in the Shadows","2019-01-09 00:00:00",tt7908628,358211,83631,http://static-api.guidebox.com/100117/thumbnails_small/52808-1561274655-208x117.jpg,http://static-api.guidebox.com/100117/thumbnails_medium/52808-5562995258-304x171.jpg,http://static-api.guidebox.com/100117/thumbnails_large/52808-1121957056-448x252.jpg,http://static-api.guidebox.com/100117/thumbnails_xlarge/52808-517362967-608x342.jpg,NULL,NULL,NULL
35,"The Witcher","2019-12-20 00:00:00",tt5180504,362696,71912,http://static-api.guidebox.com/100117/thumbnails_small/58446-7671194481-208x117.jpg,http://static-api.guidebox.com/100117/thumbnails_medium/58446-6631737579-304x171.jpg,http://static-api.guidebox.com/100117/thumbnails_large/58446-4631281160-448x252.jpg,http://static-api.guidebox.com/100117/thumbnails_xlarge/58446-1374082039-608x342.jpg,NULL,NULL,NULL
36,Fargo,"2014-04-15 00:00:00",tt2802850,269613,60622,http://static-api.guidebox.com/060515/thumbnails_small/18323-6017890805-208x117.jpg,http://static-api.guidebox.com/060515/thumbnails_medium/18323-244092192-304x171.jpg,http://static-api.guidebox.com/060515/thumbnails_large/18323-7032228005-448x252.jpg,http://static-api.guidebox.com/060515/thumbnails_xlarge/18323-6035642046-608x342.jpg,NULL,NULL,NULL
37,"Modern Family","2009-09-23 00:00:00",tt1442437,95011,1421,http://static-api.guidebox.com/091414/thumbnails_small/169-8675502138-208x117-show-thumbnail.jpg,http://static-api.guidebox.com/091414/thumbnails_medium/169-1176669537-304x171-show-thumbnail.jpg,http://static-api.guidebox.com/091414/thumbnails_large/169-9427111153-448x252-show-thumbnail.jpg,http://static-api.guidebox.com/091414/thumbnails_xlarge/169-6227865671-608x342-show-thumbnail.jpg,NULL,NULL,NULL
38,NCIS,"2003-09-23 00:00:00",tt0364845,72108,4614,http://static-api.guidebox.com/thumbnails_small/965-3065823857-208x117.jpg,http://static-api.guidebox.com/thumbnails_medium/965-5408978434-304x171.jpg,http://static-api.guidebox.com/thumbnails_large/965-3464008020-448x252.jpg,http://static-api.guidebox.com/thumbnails_xlarge/965-560015906-608x342.jpg,NULL,NULL,NULL
39,Riverdale,"2017-01-26 00:00:00",tt5420376,311954,69050,http://static-api.guidebox.com/091716/thumbnails_small/41148-7488881922-208x117-show-thumbnail.jpg,http://static-api.guidebox.com/091716/thumbnails_medium/41148-1596480208-304x171-show-thumbnail.jpg,http://static-api.guidebox.com/091716/thumbnails_large/41148-1996065905-448x252-show-thumbnail.jpg,http://static-api.guidebox.com/091716/thumbnails_xlarge/41148-4520784849-608x342-show-thumbnail.jpg,NULL,NULL,NULL
40,"World War Zero","2017-02-23 00:00:00",tt7134908,0,76669,http://static-api.guidebox.com/100117/thumbnails_small/48827-6407637037-208x117.jpg,http://static-api.guidebox.com/100117/thumbnails_medium/48827-5299809058-304x171.jpg,http://static-api.guidebox.com/100117/thumbnails_large/48827-4070429145-448x252.jpg,http://static-api.guidebox.com/100117/thumbnails_xlarge/48827-7618919681-608x342.jpg,NULL,NULL,NULL
41,"Sex Education","2019-01-11 00:00:00",tt7767422,356317,81356,http://static-api.guidebox.com/100117/thumbnails_small/53919-7495025364-208x117.jpg,http://static-api.guidebox.com/100117/thumbnails_medium/53919-3988033589-304x171.jpg,http://static-api.guidebox.com/100117/thumbnails_large/53919-1456440976-448x252.jpg,http://static-api.guidebox.com/100117/thumbnails_xlarge/53919-7394214561-608x342.jpg,NULL,NULL,NULL
42,"Law & Order: Special Victims Unit","1999-09-20 00:00:00",tt0203259,75692,2734,http://static-api.guidebox.com/thumbnails_small/307-5936161275-208x117.jpg,http://static-api.guidebox.com/thumbnails_medium/307-9533812892-304x171.jpg,http://static-api.guidebox.com/thumbnails_large/307-9753355067-448x252.jpg,http://static-api.guidebox.com/thumbnails_xlarge/307-8820663467-608x342.jpg,NULL,NULL,NULL
43,"The Handmaid's Tale","2016-10-07 00:00:00",tt5834204,321239,69478,http://static-api.guidebox.com/091716/thumbnails_small/39078-1389068123-208x117-show-thumbnail.jpg,http://static-api.guidebox.com/091716/thumbnails_medium/39078-4779830189-304x171-show-thumbnail.jpg,http://static-api.guidebox.com/091716/thumbnails_large/39078-4703563494-448x252-show-thumbnail.jpg,http://static-api.guidebox.com/091716/thumbnails_xlarge/39078-5149085834-608x342-show-thumbnail.jpg,NULL,NULL,NULL
44,"Mad Men","2007-07-19 00:00:00",tt0804503,80337,1104,http://static-api.guidebox.com/091414/thumbnails_small/8521-4827649505-208x117-show-thumbnail.jpg,http://static-api.guidebox.com/091414/thumbnails_medium/8521-3962153928-304x171-show-thumbnail.jpg,http://static-api.guidebox.com/091414/thumbnails_large/8521-9480953039-448x252-show-thumbnail.jpg,http://static-api.guidebox.com/091414/thumbnails_xlarge/8521-8744411319-608x342-show-thumbnail.jpg,NULL,NULL,NULL
45,Shameless,"2011-01-09 00:00:00",tt1586680,161511,34307,http://static-api.guidebox.com/thumbnails_small/2627-9598196931-208x117.jpg,http://static-api.guidebox.com/thumbnails_medium/2627-4895202052-304x171.jpg,http://static-api.guidebox.com/thumbnails_large/2627-6214707-448x252.jpg,http://static-api.guidebox.com/thumbnails_xlarge/2627-5698745260-608x342.jpg,NULL,NULL,NULL
46,Suits,"2011-06-23 00:00:00",tt1632701,247808,37680,http://static-api.guidebox.com/091414/thumbnails_small/300-4352846579-208x117-show-thumbnail.jpg,http://static-api.guidebox.com/091414/thumbnails_medium/300-2030188479-304x171-show-thumbnail.jpg,http://static-api.guidebox.com/091414/thumbnails_large/300-9888987527-448x252-show-thumbnail.jpg,http://static-api.guidebox.com/091414/thumbnails_xlarge/300-9276088145-608x342-show-thumbnail.jpg,NULL,NULL,NULL
47,"How to Get Away With Murder","2014-09-25 00:00:00",tt3205802,281620,61056,http://static-api.guidebox.com/120214/thumbnails_small/20702-1802725364-208x117.jpg,http://static-api.guidebox.com/120214/thumbnails_medium/20702-4250482326-304x171.jpg,http://static-api.guidebox.com/120214/thumbnails_large/20702-9136077924-448x252.jpg,http://static-api.guidebox.com/120214/thumbnails_xlarge/20702-8256437755-608x342.jpg,NULL,NULL,NULL
48,"The Last Kingdom","2015-07-30 00:00:00",tt4179452,298566,63333,http://static-api.guidebox.com/060515/thumbnails_small/32666-2328738300-208x117.jpg,http://static-api.guidebox.com/060515/thumbnails_medium/32666-8626148314-304x171.jpg,http://static-api.guidebox.com/060515/thumbnails_large/32666-4462559121-448x252.jpg,http://static-api.guidebox.com/060515/thumbnails_xlarge/32666-6527719642-608x342.jpg,NULL,NULL,NULL
49,Hunters,"2020-02-21 00:00:00",tt7456722,372081,0,http://static-api.guidebox.com/100117/thumbnails_small/57884-7132083429-208x117.jpg,http://static-api.guidebox.com/100117/thumbnails_medium/57884-742324978-304x171.jpg,http://static-api.guidebox.com/100117/thumbnails_large/57884-2572981757-448x252.jpg,http://static-api.guidebox.com/100117/thumbnails_xlarge/57884-4372686688-608x342.jpg,NULL,NULL,NULL
50,"The 100","2014-03-19 00:00:00",tt2661044,268592,48866,http://static-api.guidebox.com/091414/thumbnails_small/15817-3286543442-208x117-show-thumbnail.jpg,http://static-api.guidebox.com/091414/thumbnails_medium/15817-3398139919-304x171-show-thumbnail.jpg,http://static-api.guidebox.com/091414/thumbnails_large/15817-5828464203-448x252-show-thumbnail.jpg,http://static-api.guidebox.com/091414/thumbnails_xlarge/15817-874794033-608x342-show-thumbnail.jpg,NULL,NULL,NULL
51,"Star Trek: Picard","2020-01-23 00:00:00",tt8806524,364093,91509,http://static-api.guidebox.com/100117/thumbnails_small/55083-4501341102-208x117.jpg,http://static-api.guidebox.com/100117/thumbnails_medium/55083-1258466109-304x171.jpg,http://static-api.guidebox.com/100117/thumbnails_large/55083-4314339426-448x252.jpg,http://static-api.guidebox.com/100117/thumbnails_xlarge/55083-2946251361-608x342.jpg,NULL,NULL,NULL
52,"The Big Bang Theory","2007-09-24 00:00:00",tt0898266,80379,1418,http://static-api.guidebox.com/091414/thumbnails_small/950-3353062226-208x117-title-card.jpg,http://static-api.guidebox.com/091414/thumbnails_medium/950-9163916194-304x171-title-card.jpg,http://static-api.guidebox.com/091414/thumbnails_large/950-1696047434-448x252-title-card.jpg,http://static-api.guidebox.com/091414/thumbnails_xlarge/950-7502007535-608x342-title-card.jpg,NULL,NULL,NULL
53,Belgravia,"2020-04-12 00:00:00",tt9642982,362204,0,http://static-api.guidebox.com/100117/thumbnails_small/57686-8621850633-208x117.jpg,http://static-api.guidebox.com/100117/thumbnails_medium/57686-6963545391-304x171.jpg,http://static-api.guidebox.com/100117/thumbnails_large/57686-2907444383-448x252.jpg,http://static-api.guidebox.com/100117/thumbnails_xlarge/57686-2323204195-608x342.jpg,NULL,NULL,NULL
54,"True Detective","2014-01-12 00:00:00",tt2356777,270633,46648,http://static-api.guidebox.com/060515/thumbnails_small/17205-961613977-208x117-show-thumbnail.jpg,http://static-api.guidebox.com/060515/thumbnails_medium/17205-6749306023-304x171-show-thumbnail.jpg,http://static-api.guidebox.com/060515/thumbnails_large/17205-6491617258-448x252-show-thumbnail.jpg,http://static-api.guidebox.com/060515/thumbnails_xlarge/17205-2367539276-608x342-show-thumbnail.jpg,NULL,NULL,NULL
55,"The Vampire Diaries","2009-09-10 00:00:00",tt1405406,95491,18165,http://static-api.guidebox.com/060515/thumbnails_small/137-9956356305-208x117-show-thumbnail.jpg,http://static-api.guidebox.com/060515/thumbnails_medium/137-6253161197-304x171-show-thumbnail.jpg,http://static-api.guidebox.com/060515/thumbnails_large/137-5186451897-448x252-show-thumbnail.jpg,http://static-api.guidebox.com/060515/thumbnails_xlarge/137-1785443691-608x342-show-thumbnail.jpg,NULL,NULL,NULL
56,"American Horror Story","2011-10-05 00:00:00",tt1844624,250487,1413,http://static-api.guidebox.com/091414/thumbnails_small/621-5052943537-208x117-show-thumbnail.jpg,http://static-api.guidebox.com/091414/thumbnails_medium/621-5676654009-304x171-show-thumbnail.jpg,http://static-api.guidebox.com/091414/thumbnails_large/621-2614004077-448x252-show-thumbnail.jpg,http://static-api.guidebox.com/091414/thumbnails_xlarge/621-8840307733-608x342-show-thumbnail.jpg,NULL,NULL,NULL
57,"The Flash (2014)","2014-10-07 00:00:00",tt3107288,279121,60735,http://static-api.guidebox.com/022615/thumbnails_small/18768-8167085708-208x117-show-thumbnail.jpg,http://static-api.guidebox.com/022615/thumbnails_medium/18768-8800775795-304x171-show-thumbnail.jpg,http://static-api.guidebox.com/022615/thumbnails_large/18768-1038890509-448x252-show-thumbnail.jpg,http://static-api.guidebox.com/022615/thumbnails_xlarge/18768-4101893287-608x342-show-thumbnail.jpg,NULL,NULL,NULL
58,"The Outsider","2020-01-13 00:00:00",tt8550800,365480,84661,http://static-api.guidebox.com/100117/thumbnails_small/57506-2149001826-208x117.jpg,http://static-api.guidebox.com/100117/thumbnails_medium/57506-3365358059-304x171.jpg,http://static-api.guidebox.com/100117/thumbnails_large/57506-8594950037-448x252.jpg,http://static-api.guidebox.com/100117/thumbnails_xlarge/57506-6573200137-608x342.jpg,NULL,NULL,NULL
59,Lost,"2004-09-22 00:00:00",tt0411008,73739,4607,http://static-api.guidebox.com/091414/thumbnails_small/446-1648447607-208x117-show-thumbnail.jpg,http://static-api.guidebox.com/091414/thumbnails_medium/446-6760667376-304x171-show-thumbnail.jpg,http://static-api.guidebox.com/091414/thumbnails_large/446-7883298648-448x252-show-thumbnail.jpg,http://static-api.guidebox.com/091414/thumbnails_xlarge/446-4117461555-608x342-show-thumbnail.jpg,NULL,NULL,NULL
60,Sherlock,"2010-07-25 00:00:00",tt1475582,176941,19885,http://static-api.guidebox.com/thumbnails_small/13424-7579897954-208x117.jpg,http://static-api.guidebox.com/thumbnails_medium/13424-4883420598-304x171.jpg,http://static-api.guidebox.com/thumbnails_large/13424-7134181298-448x252.jpg,http://static-api.guidebox.com/thumbnails_xlarge/13424-8520273198-608x342.jpg,NULL,NULL,NULL
61,"Chicago PD","2014-01-08 00:00:00",tt2805096,269641,58841,http://static-api.guidebox.com/091414/thumbnails_small/17294-6503826836-208x117-show-thumbnail.jpg,http://static-api.guidebox.com/091414/thumbnails_medium/17294-2839731132-304x171-show-thumbnail.jpg,http://static-api.guidebox.com/091414/thumbnails_large/17294-7252148068-448x252-show-thumbnail.jpg,http://static-api.guidebox.com/091414/thumbnails_xlarge/17294-24979353-608x342-show-thumbnail.jpg,NULL,NULL,NULL
62,"Altered Carbon","2018-02-02 00:00:00",tt2261227,332331,68421,http://static-api.guidebox.com/100117/thumbnails_small/47412-9770642998-208x117.jpg,http://static-api.guidebox.com/100117/thumbnails_medium/47412-3577509984-304x171.jpg,http://static-api.guidebox.com/100117/thumbnails_large/47412-5541531579-448x252.jpg,http://static-api.guidebox.com/100117/thumbnails_xlarge/47412-6616025120-608x342.jpg,NULL,NULL,NULL
63,"Giada on the Beach","2018-05-19 00:00:00",tt7587890,0,79744,http://static-api.guidebox.com/100117/thumbnails_small/49459-4565055287-208x117.jpg,http://static-api.guidebox.com/100117/thumbnails_medium/49459-2390271486-304x171.jpg,http://static-api.guidebox.com/100117/thumbnails_large/49459-5268541216-448x252.jpg,http://static-api.guidebox.com/100117/thumbnails_xlarge/49459-7459898432-608x342.jpg,NULL,NULL,NULL
64,"Vedikai Padalgal -Tamil","2018-05-18 00:00:00",tt1190634,0,76479,http://static-api.guidebox.com/100117/thumbnails_small/53689-6682830914-208x117.jpg,http://static-api.guidebox.com/100117/thumbnails_medium/53689-8672719476-304x171.jpg,http://static-api.guidebox.com/100117/thumbnails_large/53689-5266548409-448x252.jpg,http://static-api.guidebox.com/100117/thumbnails_xlarge/53689-2428533039-608x342.jpg,NULL,NULL,NULL
65,"Parks and Recreation","2009-04-09 00:00:00",tt1266020,84912,8592,http://static-api.guidebox.com/091414/thumbnails_small/208-9493863498-208x117-show-thumbnail.jpg,http://static-api.guidebox.com/091414/thumbnails_medium/208-7239209525-304x171-show-thumbnail.jpg,http://static-api.guidebox.com/091414/thumbnails_large/208-5501169516-448x252-show-thumbnail.jpg,http://static-api.guidebox.com/091414/thumbnails_xlarge/208-1266064234-608x342-show-thumbnail.jpg,NULL,NULL,NULL
66,"Chicago Fire","2012-10-10 00:00:00",tt2261391,258541,44006,http://static-api.guidebox.com/091414/thumbnails_small/12991-4360985626-208x117-show-thumbnail.jpg,http://static-api.guidebox.com/091414/thumbnails_medium/12991-4533200949-304x171-show-thumbnail.jpg,http://static-api.guidebox.com/091414/thumbnails_large/12991-8600077382-448x252-show-thumbnail.jpg,http://static-api.guidebox.com/091414/thumbnails_xlarge/12991-8954659937-608x342-show-thumbnail.jpg,NULL,NULL,NULL
67,"Locked Up","2015-04-20 00:00:00",tt4524056,294741,0,http://static-api.guidebox.com/091716/thumbnails_small/42616-8531324817-208x117.jpg,http://static-api.guidebox.com/091716/thumbnails_medium/42616-4979766062-304x171.jpg,http://static-api.guidebox.com/091716/thumbnails_large/42616-4954289300-448x252.jpg,http://static-api.guidebox.com/091716/thumbnails_xlarge/42616-6991181425-608x342.jpg,NULL,NULL,NULL
68,"Sons of Anarchy","2008-09-03 00:00:00",tt1124373,82696,1409,http://static-api.guidebox.com/091414/thumbnails_small/617-1003306760-208x117-show-thumbnail.jpg,http://static-api.guidebox.com/091414/thumbnails_medium/617-8610155843-304x171-show-thumbnail.jpg,http://static-api.guidebox.com/091414/thumbnails_large/617-745434487-448x252-show-thumbnail.jpg,http://static-api.guidebox.com/091414/thumbnails_xlarge/617-4148821062-608x342-show-thumbnail.jpg,NULL,NULL,NULL
69,Legacies,"2018-09-12 00:00:00",tt8103070,349309,79460,http://static-api.guidebox.com/100117/thumbnails_small/49421-7262510331-208x117.jpg,http://static-api.guidebox.com/100117/thumbnails_medium/49421-5071701189-304x171.jpg,http://static-api.guidebox.com/100117/thumbnails_large/49421-3694402296-448x252.jpg,http://static-api.guidebox.com/100117/thumbnails_xlarge/49421-4278402743-608x342.jpg,NULL,NULL,NULL
70,Narcos,"2015-08-18 00:00:00",tt2707408,282670,63351,http://static-api.guidebox.com/111615/thumbnails_small/32533-5126612708-208x117.jpg,http://static-api.guidebox.com/111615/thumbnails_medium/32533-5900745443-304x171.jpg,http://static-api.guidebox.com/111615/thumbnails_large/32533-1008175239-448x252.jpg,http://static-api.guidebox.com/111615/thumbnails_xlarge/32533-8344062557-608x342.jpg,NULL,NULL,NULL
71,"The Good Doctor","2017-09-25 00:00:00",tt6470478,328634,71712,http://static-api.guidebox.com/091716/thumbnails_small/44616-4512650017-208x117-show-thumbnail.jpg,http://static-api.guidebox.com/091716/thumbnails_medium/44616-9509060634-304x171-show-thumbnail.jpg,http://static-api.guidebox.com/091716/thumbnails_large/44616-3175097234-448x252-show-thumbnail.jpg,http://static-api.guidebox.com/091716/thumbnails_xlarge/44616-1491943775-608x342-show-thumbnail.jpg,NULL,NULL,NULL
72,Arrow,"2012-10-10 00:00:00",tt2193021,257655,1412,http://static-api.guidebox.com/091414/thumbnails_small/13015-8851756258-208x117-show-thumbnail.jpg,http://static-api.guidebox.com/091414/thumbnails_medium/13015-7129820809-304x171-show-thumbnail.jpg,http://static-api.guidebox.com/091414/thumbnails_large/13015-2719832999-448x252-show-thumbnail.jpg,http://static-api.guidebox.com/091414/thumbnails_xlarge/13015-6382877868-608x342-show-thumbnail.jpg,NULL,NULL,NULL
73,"Big Little Lies","2017-02-19 00:00:00",tt3920596,305719,66292,http://static-api.guidebox.com/091716/thumbnails_small/42277-6240357552-208x117.jpg,http://static-api.guidebox.com/091716/thumbnails_medium/42277-9065791540-304x171.jpg,http://static-api.guidebox.com/091716/thumbnails_large/42277-7868112921-448x252.jpg,http://static-api.guidebox.com/091716/thumbnails_xlarge/42277-4896201123-608x342.jpg,NULL,NULL,NULL
74,"How I Met Your Mother","2005-09-19 00:00:00",tt0460649,75760,1100,http://static-api.guidebox.com/120214/thumbnails_small/962-1665245979-208x117.jpg,http://static-api.guidebox.com/120214/thumbnails_medium/962-8354797293-304x171.jpg,http://static-api.guidebox.com/120214/thumbnails_large/962-102441339-448x252.jpg,http://static-api.guidebox.com/120214/thumbnails_xlarge/962-2724190275-608x342.jpg,NULL,NULL,NULL
75,Psych,"2006-07-07 00:00:00",tt0491738,79335,1447,http://static-api.guidebox.com/091414/thumbnails_small/294-4445327884-208x117-show-thumbnail.jpg,http://static-api.guidebox.com/091414/thumbnails_medium/294-3284454523-304x171-show-thumbnail.jpg,http://static-api.guidebox.com/091414/thumbnails_large/294-7646362162-448x252-show-thumbnail.jpg,http://static-api.guidebox.com/091414/thumbnails_xlarge/294-706329099-608x342-show-thumbnail.jpg,NULL,NULL,NULL
76,"The Simpsons","1989-12-17 00:00:00",tt0096697,71663,456,http://static-api.guidebox.com/thumbnails_small/65-2979382193-208x117.jpg,http://static-api.guidebox.com/thumbnails_medium/65-3239342114-304x171.jpg,http://static-api.guidebox.com/thumbnails_large/65-3950643120-448x252.jpg,http://static-api.guidebox.com/thumbnails_xlarge/65-1366816564-608x342.jpg,NULL,NULL,NULL
77,"Locke & Key","2020-02-07 00:00:00",tt3007572,361594,0,http://static-api.guidebox.com/100117/thumbnails_small/59181-2097552563-208x117.jpg,http://static-api.guidebox.com/100117/thumbnails_medium/59181-9300130554-304x171.jpg,http://static-api.guidebox.com/100117/thumbnails_large/59181-8325376664-448x252.jpg,http://static-api.guidebox.com/100117/thumbnails_xlarge/59181-1721984987-608x342.jpg,NULL,NULL,NULL
78,House,"2004-11-16 00:00:00",tt0412142,73255,1408,http://static-api.guidebox.com/091414/thumbnails_small/56-9528278578-208x117-title-card.jpg,http://static-api.guidebox.com/091414/thumbnails_medium/56-3153635930-304x171-title-card.jpg,http://static-api.guidebox.com/091414/thumbnails_large/56-5482161669-448x252-title-card.jpg,http://static-api.guidebox.com/091414/thumbnails_xlarge/56-8016869616-608x342-title-card.jpg,NULL,NULL,NULL
79,"This Is Us","2016-05-15 00:00:00",tt5555260,311714,67136,http://static-api.guidebox.com/111615/thumbnails_small/37117-3013112238-208x117.jpg,http://static-api.guidebox.com/111615/thumbnails_medium/37117-3751064502-304x171.jpg,http://static-api.guidebox.com/111615/thumbnails_large/37117-9383674399-448x252.jpg,http://static-api.guidebox.com/111615/thumbnails_xlarge/37117-1206293381-608x342.jpg,NULL,NULL,NULL
80,"New Amsterdam","2018-10-01 00:00:00",tt7817340,349272,80350,http://static-api.guidebox.com/100117/thumbnails_small/52343-2546982542-208x117.jpg,http://static-api.guidebox.com/100117/thumbnails_medium/52343-6598016224-304x171.jpg,http://static-api.guidebox.com/100117/thumbnails_large/52343-6358286277-448x252.jpg,http://static-api.guidebox.com/100117/thumbnails_xlarge/52343-4416048140-608x342.jpg,NULL,NULL,NULL
81,"Illogical Conclusions","2017-10-24 00:00:00",tt7335184,0,78191,http://static-api.guidebox.com/100117/thumbnails_small/45723-8852025009-208x117.jpg,http://static-api.guidebox.com/100117/thumbnails_medium/45723-545457597-304x171.jpg,http://static-api.guidebox.com/100117/thumbnails_large/45723-1502404330-448x252.jpg,http://static-api.guidebox.com/100117/thumbnails_xlarge/45723-2704864140-608x342.jpg,NULL,NULL,NULL
82,"Rick and Morty","2013-12-02 00:00:00",tt2861424,275274,60625,http://static-api.guidebox.com/041014/thumbnails_small/16279-8828293541-208x117.jpg,http://static-api.guidebox.com/041014/thumbnails_medium/16279-4692241978-304x171.jpg,http://static-api.guidebox.com/041014/thumbnails_large/16279-7382150129-448x252.jpg,http://static-api.guidebox.com/041014/thumbnails_xlarge/16279-9424173706-608x342.jpg,NULL,NULL,NULL
83,"Mr. Robot","2015-06-24 00:00:00",tt4158110,289590,62560,http://static-api.guidebox.com/060515/thumbnails_small/28164-7241858798-208x117.jpg,http://static-api.guidebox.com/060515/thumbnails_medium/28164-5318384925-304x171.jpg,http://static-api.guidebox.com/060515/thumbnails_large/28164-8163115247-448x252.jpg,http://static-api.guidebox.com/060515/thumbnails_xlarge/28164-1547860718-608x342.jpg,NULL,NULL,NULL
84,"The Big Show Show","2020-04-06 00:00:00",tt10726356,377281,100963,http://static-api.guidebox.com/100117/thumbnails_small/60966-6863457379-208x117.jpg,http://static-api.guidebox.com/100117/thumbnails_medium/60966-1856919318-304x171.jpg,http://static-api.guidebox.com/100117/thumbnails_large/60966-7413929789-448x252.jpg,http://static-api.guidebox.com/100117/thumbnails_xlarge/60966-840051575-608x342.jpg,NULL,NULL,NULL
85,9-1-1,"2017-11-15 00:00:00",tt7235466,337907,75219,http://static-api.guidebox.com/100117/thumbnails_small/45386-1949667177-208x117-show-thumbnail.jpg,http://static-api.guidebox.com/100117/thumbnails_medium/45386-1138055241-304x171-show-thumbnail.jpg,http://static-api.guidebox.com/100117/thumbnails_large/45386-6409910084-448x252-show-thumbnail.jpg,http://static-api.guidebox.com/100117/thumbnails_xlarge/45386-6206472311-608x342-show-thumbnail.jpg,NULL,NULL,NULL
86,Dexter,"2006-10-01 00:00:00",tt0773262,79349,1405,http://static-api.guidebox.com/091414/thumbnails_small/2621-512808790-208x117-show-thumbnail.jpg,http://static-api.guidebox.com/091414/thumbnails_medium/2621-3754090732-304x171-show-thumbnail.jpg,http://static-api.guidebox.com/091414/thumbnails_large/2621-6336875781-448x252-show-thumbnail.jpg,http://static-api.guidebox.com/091414/thumbnails_xlarge/2621-3753497107-608x342-show-thumbnail.jpg,NULL,NULL,NULL
87,Mindhunter,"2017-10-13 00:00:00",tt5290382,328708,67744,http://static-api.guidebox.com/100117/thumbnails_small/43494-2174719852-208x117-show-thumbnail.jpg,http://static-api.guidebox.com/100117/thumbnails_medium/43494-2374932422-304x171-show-thumbnail.jpg,http://static-api.guidebox.com/100117/thumbnails_large/43494-8294785740-448x252-show-thumbnail.jpg,http://static-api.guidebox.com/100117/thumbnails_xlarge/43494-6706445236-608x342-show-thumbnail.jpg,NULL,NULL,NULL
88,"The Expanse","2015-01-15 00:00:00",tt3230854,280619,63639,http://static-api.guidebox.com/111615/thumbnails_small/24913-1812876235-208x117-show-thumbnail.jpg,http://static-api.guidebox.com/111615/thumbnails_medium/24913-4570168508-304x171-show-thumbnail.jpg,http://static-api.guidebox.com/111615/thumbnails_large/24913-5560628241-448x252-show-thumbnail.jpg,http://static-api.guidebox.com/111615/thumbnails_xlarge/24913-9328385465-608x342-show-thumbnail.jpg,NULL,NULL,NULL
89,Fauda,"2015-03-01 00:00:00",tt4565380,291866,69557,http://static-api.guidebox.com/100117/thumbnails_small/41224-9364359406-208x117.jpg,http://static-api.guidebox.com/100117/thumbnails_medium/41224-4135251301-304x171.jpg,http://static-api.guidebox.com/100117/thumbnails_large/41224-1980967429-448x252.jpg,http://static-api.guidebox.com/100117/thumbnails_xlarge/41224-3467792659-608x342.jpg,NULL,NULL,NULL
90,"Marvel's Agents of S.H.I.E.L.D.","2013-09-24 00:00:00",tt2364582,263365,1403,http://static-api.guidebox.com/091414/thumbnails_small/16154-6891903784-208x117-show-thumbnail.jpg,http://static-api.guidebox.com/091414/thumbnails_medium/16154-1261051628-304x171-show-thumbnail.jpg,http://static-api.guidebox.com/091414/thumbnails_large/16154-6532650306-448x252-show-thumbnail.jpg,http://static-api.guidebox.com/091414/thumbnails_xlarge/16154-4651707159-608x342-show-thumbnail.jpg,NULL,NULL,NULL
91,"Tom Clancy's Jack Ryan","2018-08-31 00:00:00",tt5057054,336261,73375,http://static-api.guidebox.com/091716/thumbnails_small/44876-6429714798-208x117-show-thumbnail.jpg,http://static-api.guidebox.com/091716/thumbnails_medium/44876-1230825787-304x171-show-thumbnail.jpg,http://static-api.guidebox.com/091716/thumbnails_large/44876-2895242549-448x252-show-thumbnail.jpg,http://static-api.guidebox.com/091716/thumbnails_xlarge/44876-5830045054-608x342-show-thumbnail.jpg,NULL,NULL,NULL
92,"Doctor Who","2005-03-26 00:00:00",tt0436992,78804,57243,http://static-api.guidebox.com/060515/thumbnails_small/10964-2543563457-208x117.jpg,http://static-api.guidebox.com/060515/thumbnails_medium/10964-4520700257-304x171.jpg,http://static-api.guidebox.com/060515/thumbnails_large/10964-1282603150-448x252.jpg,http://static-api.guidebox.com/060515/thumbnails_xlarge/10964-9254983840-608x342.jpg,NULL,NULL,NULL
93,"THE STRANGER","2020-01-30 00:00:00",tt9698480,374977,0,http://static-api.guidebox.com/100117/thumbnails_small/59077-796204606-208x117.jpg,http://static-api.guidebox.com/100117/thumbnails_medium/59077-7078978559-304x171.jpg,http://static-api.guidebox.com/100117/thumbnails_large/59077-8959703799-448x252.jpg,http://static-api.guidebox.com/100117/thumbnails_xlarge/59077-4474287275-608x342.jpg,NULL,NULL,NULL
94,"Star Trek: The Next Generation","1987-09-28 00:00:00",tt0092455,71470,655,http://static-api.guidebox.com/060515/thumbnails_small/13689-9528326205-208x117.jpg,http://static-api.guidebox.com/060515/thumbnails_medium/13689-9268723130-304x171.jpg,http://static-api.guidebox.com/060515/thumbnails_large/13689-633445126-448x252.jpg,http://static-api.guidebox.com/060515/thumbnails_xlarge/13689-5272406200-608x342.jpg,NULL,NULL,NULL
95,"Brews Brothers","2020-04-10 00:00:00",tt10930958,378024,101531,http://static-api.guidebox.com/100117/thumbnails_small/61123-4794874154-208x117.jpg,http://static-api.guidebox.com/100117/thumbnails_medium/61123-643019849-304x171.jpg,http://static-api.guidebox.com/100117/thumbnails_large/61123-4166239696-448x252.jpg,http://static-api.guidebox.com/100117/thumbnails_xlarge/61123-5393075333-608x342.jpg,NULL,NULL,NULL
96,"Star Trek: Discovery","2017-09-24 00:00:00",tt5171438,328711,67198,http://static-api.guidebox.com/091716/thumbnails_small/43493-7811612081-208x117-show-thumbnail.jpg,http://static-api.guidebox.com/091716/thumbnails_medium/43493-8386831646-304x171-show-thumbnail.jpg,http://static-api.guidebox.com/091716/thumbnails_large/43493-2927178187-448x252-show-thumbnail.jpg,http://static-api.guidebox.com/091716/thumbnails_xlarge/43493-4934479585-608x342-show-thumbnail.jpg,NULL,NULL,NULL
97,"The Sinner","2017-02-17 00:00:00",tt6048596,326866,39852,http://static-api.guidebox.com/091716/thumbnails_small/42905-3209163910-208x117-show-thumbnail.jpg,http://static-api.guidebox.com/091716/thumbnails_medium/42905-5063542728-304x171-show-thumbnail.jpg,http://static-api.guidebox.com/091716/thumbnails_large/42905-4890407403-448x252-show-thumbnail.jpg,http://static-api.guidebox.com/091716/thumbnails_xlarge/42905-35501728-608x342-show-thumbnail.jpg,NULL,NULL,NULL
98,Manifest,"2018-05-13 00:00:00",tt8421350,349271,0,http://static-api.guidebox.com/100117/thumbnails_small/49352-5371256666-208x117.jpg,http://static-api.guidebox.com/100117/thumbnails_medium/49352-8151560966-304x171.jpg,http://static-api.guidebox.com/100117/thumbnails_large/49352-6981666572-448x252.jpg,http://static-api.guidebox.com/100117/thumbnails_xlarge/49352-7491513714-608x342.jpg,NULL,NULL,NULL
99,"Once Upon a Time","2011-10-23 00:00:00",tt1843230,248835,39272,http://static-api.guidebox.com/091414/thumbnails_small/166-3920917106-208x117-show-thumbnail.jpg,http://static-api.guidebox.com/091414/thumbnails_medium/166-1132135536-304x171-show-thumbnail.jpg,http://static-api.guidebox.com/091414/thumbnails_large/166-2471904345-448x252-show-thumbnail.jpg,http://static-api.guidebox.com/091414/thumbnails_xlarge/166-8078370862-608x342-show-thumbnail.jpg,NULL,NULL,NULL
100,"Curb Your Enthusiasm","2000-10-01 00:00:00",tt0264235,76203,4546,http://static-api.guidebox.com/thumbnails_small/6984-3696034975-208x117.jpg,http://static-api.guidebox.com/thumbnails_medium/6984-6964955563-304x171.jpg,http://static-api.guidebox.com/thumbnails_large/6984-172556066-448x252.jpg,http://static-api.guidebox.com/thumbnails_xlarge/6984-6355211185-608x342.jpg,NULL,NULL,NULL
